{
  "title": "big_watermelon",
  "packageName": "org.cocos2d.demo",
  "startScene": "0e00179c-0d4a-4f19-aeb1-9e3455012101",
  "excludeScenes": [],
  "orientation": {
    "landscapeLeft": false,
    "landscapeRight": false,
    "portrait": true,
    "upsideDown": false
  },
  "webOrientation": "auto",
  "inlineSpriteFrames": true,
  "inlineSpriteFrames_native": false,
  "mainCompressionType": "default",
  "mainIsRemote": false,
  "optimizeHotUpdate": false,
  "md5Cache": true,
  "nativeMd5Cache": false,
  "encryptJs": true,
  "xxteaKey": "3f8e2b71-ef3b-46",
  "zipCompressJs": true,
  "fb-instant-games": {},
  "android": {
    "REMOTE_SERVER_ROOT": "",
    "packageName": "org.cocos2d.demo"
  },
  "ios": {
    "REMOTE_SERVER_ROOT": "",
    "packageName": "org.cocos2d.demo",
    "ios_enable_jit": true
  },
  "mac": {
    "REMOTE_SERVER_ROOT": "",
    "height": 720,
    "packageName": "org.cocos2d.demo",
    "width": 1280
  },
  "win32": {
    "REMOTE_SERVER_ROOT": "",
    "height": 720,
    "width": 1280
  },
  "android-instant": {
    "REMOTE_SERVER_ROOT": "",
    "host": "",
    "packageName": "org.cocos2d.demo",
    "pathPattern": "",
    "recordPath": "",
    "scheme": "https",
    "skipRecord": false
  },
  "appBundle": false,
  "agreements": {}
}
