{
  "27b68a1b-1c93-430d-8ad1-65eaa524f1ca": {
    "asset": 1682045992160,
    "meta": 1682046027699,
    "relativePath": "audio"
  },
  "b87f0330-49ce-47e1-9263-8dc3a7ad1822": {
    "asset": 1682045992475,
    "meta": 1682046027700,
    "relativePath": "img"
  },
  "4b93bea5-87c6-4e8c-aa99-e087c173b366": {
    "asset": 1682045992508,
    "meta": 1682046027701,
    "relativePath": "prefab"
  },
  "52de34b1-f572-4b7e-bb21-72b316c4aa12": {
    "asset": 1682045992559,
    "meta": 1682046027702,
    "relativePath": "scripts"
  },
  "fa19332b-97ad-4d3c-abb8-67c5765d7ce3": {
    "asset": 1682046032494,
    "meta": 1682046032500,
    "relativePath": "game.fire"
  },
  "c21eb60c-51c6-4ffc-b5c7-0345eca97093": {
    "asset": 1612016576000,
    "meta": 1681875550111,
    "relativePath": "img\\fruit_1.png"
  },
  "d01212cb-2281-4cb3-8419-0fb674cbf922": {
    "asset": 1612016576000,
    "meta": 1681875550115,
    "relativePath": "img\\fruit_2.png"
  },
  "d201974a-78c7-4893-85ea-2002906f4bd9": {
    "asset": 1612016576000,
    "meta": 1681875550119,
    "relativePath": "img\\fruit_10.png"
  },
  "91f7f8b6-5ba3-431c-ad7a-16e9289d8889": {
    "asset": 1612016576000,
    "meta": 1681875550122,
    "relativePath": "img\\fruit_3.png"
  },
  "4d820b23-b69c-470f-b192-e032d1029704": {
    "asset": 1612016576000,
    "meta": 1681875550124,
    "relativePath": "img\\fruit_11.png"
  },
  "13cce4a1-ba97-48a7-8385-bf0d9de6fac3": {
    "asset": 1612016576000,
    "meta": 1681875550127,
    "relativePath": "img\\fruit_6.png"
  },
  "7fe9da63-58ae-4499-866e-b52caf9129f5": {
    "asset": 1612016576000,
    "meta": 1681875550129,
    "relativePath": "img\\fruit_5.png"
  },
  "d5011e51-9ea3-4aa5-bf5a-ac20e1348204": {
    "asset": 1612016576000,
    "meta": 1681875550132,
    "relativePath": "img\\fruit_4.png"
  },
  "333d0931-8b38-4265-889c-62d2332c43d8": {
    "asset": 1612016576000,
    "meta": 1681875550142,
    "relativePath": "img\\fruit_7.png"
  },
  "561feb29-4414-4de4-93cf-9b5cf11d6ee7": {
    "asset": 1612016576000,
    "meta": 1681875550151,
    "relativePath": "img\\fruit_8.png"
  },
  "d62e2757-3561-41f7-ad23-b48a94ecbd89": {
    "asset": 1612016576000,
    "meta": 1681875550156,
    "relativePath": "img\\fruit_9.png"
  },
  "1a0d7622-f168-4b7b-ada0-b461c351384f": {
    "asset": 1612016576000,
    "meta": 1681875550159,
    "relativePath": "img\\juice_l_2.png"
  },
  "447d6321-cd56-4bd6-8b92-6c8085da9609": {
    "asset": 1612016576000,
    "meta": 1681875550162,
    "relativePath": "img\\juice_l_1.png"
  },
  "aa6af5fa-43d0-44fe-b702-11700fd1b7f7": {
    "asset": 1612016576000,
    "meta": 1681875550165,
    "relativePath": "img\\juice_l_10.png"
  },
  "432028a1-0a39-4b25-ba9b-c439d828d92b": {
    "asset": 1612016576000,
    "meta": 1681875550167,
    "relativePath": "img\\juice_l_5.png"
  },
  "9e73a80a-5e7d-4054-ad1a-19ec4b1c2220": {
    "asset": 1612016576000,
    "meta": 1681875550168,
    "relativePath": "img\\juice_l_3.png"
  },
  "c139b19b-f052-416f-9856-acb5a5e138e0": {
    "asset": 1612016576000,
    "meta": 1681875550171,
    "relativePath": "img\\juice_l_4.png"
  },
  "d23f26a7-df91-41cf-943a-33961107f111": {
    "asset": 1612016576000,
    "meta": 1681875550185,
    "relativePath": "img\\juice_l_6.png"
  },
  "66312b1d-3be0-4036-aa06-a8f0c2e10a6e": {
    "asset": 1612016576000,
    "meta": 1681875550191,
    "relativePath": "img\\juice_l_7.png"
  },
  "58f90ec1-4a00-406e-9b04-64b6cae7a43d": {
    "asset": 1612016576000,
    "meta": 1681875550194,
    "relativePath": "img\\juice_l_9.png"
  },
  "5d2f8180-8e60-4c2e-bdfe-1ea07ebf80ef": {
    "asset": 1612016576000,
    "meta": 1681875550196,
    "relativePath": "img\\juice_o_1.png"
  },
  "38d034c7-b4f1-46c8-98d1-7c7f2b4915b2": {
    "asset": 1612016576000,
    "meta": 1681875550199,
    "relativePath": "img\\juice_l_8.png"
  },
  "670e240c-cd53-4204-8ea9-dababcc947bf": {
    "asset": 1612016576000,
    "meta": 1681875550202,
    "relativePath": "img\\juice_o_3.png"
  },
  "19b722d5-06f3-4dae-a185-1b2eb28a5c87": {
    "asset": 1612016576000,
    "meta": 1681875550205,
    "relativePath": "img\\juice_o_10.png"
  },
  "f475990a-dc78-4f56-86c0-4901aabe4c87": {
    "asset": 1612016576000,
    "meta": 1681875550207,
    "relativePath": "img\\juice_o_2.png"
  },
  "b70a7985-1339-400c-b2fa-4dfa4934d8d5": {
    "asset": 1612016576000,
    "meta": 1681875550209,
    "relativePath": "img\\juice_o_4.png"
  },
  "8434b52b-9cbc-431d-9c94-aff1a793e1d1": {
    "asset": 1612016576000,
    "meta": 1681875550227,
    "relativePath": "img\\juice_o_5.png"
  },
  "2f9ede4a-d6d5-4f3b-befb-c9ab6aeed78f": {
    "asset": 1612016576000,
    "meta": 1681875550231,
    "relativePath": "img\\juice_o_6.png"
  },
  "4902ee89-5f62-47a3-8328-6678b7d42de6": {
    "asset": 1612016576000,
    "meta": 1681875550234,
    "relativePath": "img\\juice_o_7.png"
  },
  "a269d9ea-8c59-424e-ab9e-ffe3a4184949": {
    "asset": 1612016576000,
    "meta": 1681875550237,
    "relativePath": "img\\juice_q_10.png"
  },
  "2974dff4-fd57-42e3-a9a9-2f4c59e865db": {
    "asset": 1612016576000,
    "meta": 1681875550240,
    "relativePath": "img\\juice_q_2.png"
  },
  "c5f74280-a0da-4a4a-918d-95f799c28a64": {
    "asset": 1681972923535,
    "meta": 1681972923544,
    "relativePath": "prefab\\fruit_1.prefab"
  },
  "80ee0117-4c5f-4c74-a4a7-4d2607030aee": {
    "asset": 1612016576000,
    "meta": 1681875550243,
    "relativePath": "img\\juice_o_9.png"
  },
  "e2555aa5-1e58-45fd-8b35-61de32438ca1": {
    "asset": 1681884287759,
    "meta": 1681884287764,
    "relativePath": "prefab\\juice.prefab"
  },
  "a99b364d-677c-4b26-a4a9-003e19dba947": {
    "asset": 1612016576000,
    "meta": 1681875550245,
    "relativePath": "img\\juice_o_8.png"
  },
  "76356647-6408-4295-9bbd-b012887022f3": {
    "asset": 1612016576000,
    "meta": 1681875550247,
    "relativePath": "img\\juice_q_1.png"
  },
  "e17c7f2f-1161-441b-b65f-0e07b25b1021": {
    "asset": 1612016576000,
    "meta": 1681875550250,
    "relativePath": "img\\juice_q_3.png"
  },
  "2a8c25bc-457e-40a2-9a0f-d2df866dde49": {
    "asset": 1612016576000,
    "meta": 1681875550514,
    "relativePath": "img\\juice_q_5.png"
  },
  "f44b8de0-c590-4efa-8818-d2e8dc5d1219": {
    "asset": 1612016576000,
    "meta": 1681875550907,
    "relativePath": "audio\\knock.mp3"
  },
  "b9f7eec1-8fa9-4b8f-96f5-27ed8c354ce7": {
    "asset": 1612016576000,
    "meta": 1681875550908,
    "relativePath": "audio\\boom.mp3"
  },
  "e728a125-1e01-4b2a-8d53-9d40caf6dd85": {
    "asset": 1612016576000,
    "meta": 1681875550516,
    "relativePath": "img\\juice_q_4.png"
  },
  "2e0cb545-4e4f-4022-beb8-c9dc9e40f989": {
    "asset": 1612016576000,
    "meta": 1681875550909,
    "relativePath": "audio\\water.mp3"
  },
  "f4171032-ceae-434f-a130-22704ef9aff7": {
    "asset": 1612016576000,
    "meta": 1681875550518,
    "relativePath": "img\\juice_q_7.png"
  },
  "4747b8ab-07bc-4b94-88bd-0b3845a6d41f": {
    "asset": 1612016576000,
    "meta": 1681875550519,
    "relativePath": "img\\juice_q_8.png"
  },
  "0f9ac692-62f9-4c01-a087-faf2d88fc5b2": {
    "asset": 1612016576000,
    "meta": 1681875550522,
    "relativePath": "img\\juice_q_9.png"
  },
  "86ff6eae-5191-42f5-8a71-d7d18ee9c88b": {
    "asset": 1612016576000,
    "meta": 1681875550523,
    "relativePath": "img\\juice_q_6.png"
  },
  "cc883b8d-2746-4268-aedc-3ca6c0d41e6d": {
    "asset": 1681899022587,
    "meta": 1681899022624,
    "relativePath": "mikado_outline_shadow.fnt"
  },
  "97732279-9aa7-4d47-b266-f2ad21a0b095": {
    "asset": 1681899022587,
    "meta": 1681899022621,
    "relativePath": "mikado_outline_shadow.png"
  },
  "21d85573-2439-47ae-989c-c4220762f1f6": {
    "asset": 1681900365493,
    "meta": 1681900365566,
    "relativePath": "img\\bg2.jpg"
  },
  "aafeb066-962f-4261-8c86-be6a092b218b": {
    "asset": 1681900613559,
    "meta": 1681900613716,
    "relativePath": "img\\bg3.png"
  },
  "0e00179c-0d4a-4f19-aeb1-9e3455012101": {
    "asset": 1681985677775,
    "meta": 1681985677779,
    "relativePath": "load.fire"
  },
  "6070ee1a-37db-4f43-bbe9-63e3194eadee": {
    "asset": 1681983450481,
    "meta": 1681983454555,
    "relativePath": "img\\start.png"
  },
  "5ecd930f-53ad-4652-9c3b-9f516898395b": {
    "asset": 1681983605293,
    "meta": 1681983610090,
    "relativePath": "scripts\\Load.js"
  },
  "56c1e1d2-38cc-48d0-bfa6-e8c5fc14c5f0": {
    "asset": 1681985887658,
    "meta": 1681985904146,
    "relativePath": "scripts\\Juice.js"
  },
  "f8f47d97-284c-47cd-9dfc-ae4a57c80845": {
    "asset": 1681988071398,
    "meta": 1681988071451,
    "relativePath": "img\\xuxian.png"
  },
  "0ce1a35a-bf7f-4685-aaaa-2173a9c1fa22": {
    "asset": 1681988368100,
    "meta": 1681988368122,
    "relativePath": "img\\mask.png"
  },
  "2d8e9b2b-e82a-42b9-97b8-337bb1ec0367": {
    "asset": 1681988433297,
    "meta": 1681988436712,
    "relativePath": "img\\over.png"
  },
  "9836134e-b892-4283-b6b2-78b5acf3ed45": {
    "asset": 1678959226803,
    "meta": 1682042433841,
    "relativePath": "effects"
  },
  "abc2cb62-7852-4525-a90d-d474487b88f2": {
    "asset": 1678959226795,
    "meta": 1682042433976,
    "relativePath": "effects\\builtin-phong.effect"
  },
  "e2f00085-c597-422d-9759-52c360279106": {
    "asset": 1678959226797,
    "meta": 1682042434045,
    "relativePath": "effects\\builtin-toon.effect"
  },
  "430eccbf-bf2c-4e6e-8c0c-884bbb487f32": {
    "asset": 1678959226799,
    "meta": 1682042434061,
    "relativePath": "effects\\__builtin-editor-gizmo-line.effect"
  },
  "6c5cf6e1-b044-4eac-9431-835644d57381": {
    "asset": 1678959226801,
    "meta": 1682042434073,
    "relativePath": "effects\\__builtin-editor-gizmo-unlit.effect"
  },
  "115286d1-2e10-49ee-aab4-341583f607e8": {
    "asset": 1678959226803,
    "meta": 1682042434110,
    "relativePath": "effects\\__builtin-editor-gizmo.effect"
  },
  "f8e6b000-5643-4b86-9080-aa680ce1f599": {
    "asset": 1678959226841,
    "meta": 1682042434111,
    "relativePath": "image"
  },
  "99170b0b-d210-46f1-b213-7d9e3f23098a": {
    "asset": 1678959226821,
    "meta": 1682042434156,
    "relativePath": "image\\default_progressbar_bg.png"
  },
  "567dcd80-8bf4-4535-8a5a-313f1caf078a": {
    "asset": 1678959226822,
    "meta": 1682042434160,
    "relativePath": "image\\default_radio_button_off.png"
  },
  "edd215b9-2796-4a05-aaf5-81f96c9281ce": {
    "asset": 1678959226816,
    "meta": 1682042434163,
    "relativePath": "image\\default_editbox_bg.png"
  },
  "71561142-4c83-4933-afca-cb7a17f67053": {
    "asset": 1678959226807,
    "meta": 1682042434165,
    "relativePath": "image\\default_btn_disabled.png"
  },
  "5c3eedba-6c41-4c0c-9ba7-d91f813cbd1c": {
    "asset": 1678959226844,
    "meta": 1682042434179,
    "relativePath": "materials"
  },
  "e851e89b-faa2-4484-bea6-5c01dd9f06e2": {
    "asset": 1678959226808,
    "meta": 1682042434168,
    "relativePath": "image\\default_btn_normal.png"
  },
  "600301aa-3357-4a10-b086-84f011fa32ba": {
    "asset": 1678959226805,
    "meta": 1682042434171,
    "relativePath": "image\\default-particle.png"
  },
  "fc09f9bd-2cce-4605-b630-8145ef809ed6": {
    "asset": 1678959226850,
    "meta": 1682042434184,
    "relativePath": "misc"
  },
  "d81ec8ad-247c-4e62-aa3c-d35c4193c7af": {
    "asset": 1678959226817,
    "meta": 1682042434174,
    "relativePath": "image\\default_panel.png"
  },
  "db019bf7-f71c-4111-98cf-918ea180cb48": {
    "asset": 1678959226874,
    "meta": 1682042434187,
    "relativePath": "model"
  },
  "cfef78f1-c8df-49b7-8ed0-4c953ace2621": {
    "asset": 1678959226818,
    "meta": 1682042434176,
    "relativePath": "image\\default_progressbar.png"
  },
  "e39e96e6-6f6e-413f-bcf1-ac7679bb648a": {
    "asset": 1678959226870,
    "meta": 1682042434190,
    "relativePath": "model\\prefab"
  },
  "0291c134-b3da-4098-b7b5-e397edbe947f": {
    "asset": 1678959226826,
    "meta": 1682042434178,
    "relativePath": "image\\default_scrollbar.png"
  },
  "c4480a0a-6ac5-443f-8b40-361a14257fc8": {
    "asset": 1678959226843,
    "meta": 1682042435574,
    "relativePath": "materials\\builtin-phong.mtl"
  },
  "a87cc147-01b2-43f8-8e42-a7ca90b0c757": {
    "asset": 1678959226853,
    "meta": 1682042435127,
    "relativePath": "model\\prefab\\box.prefab"
  },
  "fe1417b6-fe6b-46a4-ae7c-9fd331f33a2a": {
    "asset": 1678959226855,
    "meta": 1682042435134,
    "relativePath": "model\\prefab\\capsule.prefab"
  },
  "b43ff3c2-02bb-4874-81f7-f2dea6970f18": {
    "asset": 1678959226814,
    "meta": 1682042434180,
    "relativePath": "image\\default_btn_pressed.png"
  },
  "b5fc2cf2-7942-483d-be1f-bbeadc4714ad": {
    "asset": 1678959226857,
    "meta": 1682042435143,
    "relativePath": "model\\prefab\\cone.prefab"
  },
  "4bab67cb-18e6-4099-b840-355f0473f890": {
    "asset": 1678959226827,
    "meta": 1682042434183,
    "relativePath": "image\\default_scrollbar_bg.png"
  },
  "9d60001f-b5f4-4726-a629-2659e3ded0b8": {
    "asset": 1678959226824,
    "meta": 1682042434188,
    "relativePath": "image\\default_radio_button_on.png"
  },
  "f6e6dd15-71d1-4ffe-ace7-24fd39942c05": {
    "asset": 1678959226878,
    "meta": 1682042435157,
    "relativePath": "obsolete"
  },
  "c25b9d50-c8fc-4d27-beeb-6e7c1f2e5c0f": {
    "asset": 1678959226837,
    "meta": 1682042435147,
    "relativePath": "image\\default_toggle_disabled.png"
  },
  "1c5e4038-953a-44c2-b620-0bbfc6170477": {
    "asset": 1678959226863,
    "meta": 1682042435160,
    "relativePath": "model\\prefab\\cylinder.prefab"
  },
  "f743d2b6-b7ea-4c14-a55b-547ed4d0a045": {
    "asset": 1678959226882,
    "meta": 1682042435162,
    "relativePath": "particle"
  },
  "d6d3ca85-4681-47c1-b5dd-d036a9d39ea2": {
    "asset": 1678959226829,
    "meta": 1682042435150,
    "relativePath": "image\\default_scrollbar_vertical.png"
  },
  "0275e94c-56a7-410f-bd1a-fc7483f7d14a": {
    "asset": 1678959226834,
    "meta": 1682042435152,
    "relativePath": "image\\default_sprite_splash.png"
  },
  "d29077ba-1627-4a72-9579-7b56a235340c": {
    "asset": 1678959226838,
    "meta": 1682042435155,
    "relativePath": "image\\default_toggle_normal.png"
  },
  "ae6c6c98-11e4-452f-8758-75f5c6a56e83": {
    "asset": 1678959226939,
    "meta": 1682042435168,
    "relativePath": "prefab"
  },
  "617323dd-11f4-4dd3-8eec-0caf6b3b45b9": {
    "asset": 1678959226830,
    "meta": 1682042435158,
    "relativePath": "image\\default_scrollbar_vertical_bg.png"
  },
  "2be36297-9abb-4fee-8049-9ed5e271da8a": {
    "asset": 1678959226849,
    "meta": 1682042435171,
    "relativePath": "misc\\default_video.mp4"
  },
  "3f376125-a699-40ca-ad05-04d662eaa1f2": {
    "asset": 1678959226864,
    "meta": 1682042435175,
    "relativePath": "model\\prefab\\plane.prefab"
  },
  "6c9ef10d-b479-420b-bfe6-39cdda6a8ae0": {
    "asset": 1678959226866,
    "meta": 1682042435177,
    "relativePath": "model\\prefab\\quad.prefab"
  },
  "6e056173-d285-473c-b206-40a7fff5386e": {
    "asset": 1678959226832,
    "meta": 1682042435164,
    "relativePath": "image\\default_sprite.png"
  },
  "de510076-056b-484f-b94c-83bef217d0e1": {
    "asset": 1678959226869,
    "meta": 1682042435179,
    "relativePath": "model\\prefab\\torus.prefab"
  },
  "2d9a4b85-b0ab-4c46-84c5-18f393ab2058": {
    "asset": 1678959226868,
    "meta": 1682042435181,
    "relativePath": "model\\prefab\\sphere.prefab"
  },
  "73a0903d-d80e-4e3c-aa67-f999543c08f5": {
    "asset": 1678959226835,
    "meta": 1682042435166,
    "relativePath": "image\\default_toggle_checkmark.png"
  },
  "897ef7a1-4860-4f64-968d-f5924b18668a": {
    "asset": 1678959226884,
    "meta": 1682042435184,
    "relativePath": "prefab\\2d-camera.prefab"
  },
  "a3ee0214-b432-4865-9666-4a3211814282": {
    "asset": 1678959226908,
    "meta": 1682042435185,
    "relativePath": "prefab\\light"
  },
  "70d7cdb0-04cd-41bb-9480-c06a4785f386": {
    "asset": 1678959226886,
    "meta": 1682042435187,
    "relativePath": "prefab\\3d-camera.prefab"
  },
  "b181c1e4-0a72-4a91-bfb0-ae6f36ca60bd": {
    "asset": 1678959226841,
    "meta": 1682042435169,
    "relativePath": "image\\default_toggle_pressed.png"
  },
  "70bbeb73-6dc2-4ee4-8faf-76b3a0e34ec4": {
    "asset": 1678959226887,
    "meta": 1682042435189,
    "relativePath": "prefab\\3d-particle.prefab"
  },
  "ed88f13d-fcad-4848-aa35-65a2cb973584": {
    "asset": 1678959226890,
    "meta": 1682042435192,
    "relativePath": "prefab\\3d-stage.prefab"
  },
  "972b9a4d-47ee-4c74-b5c3-61d8a69bc29f": {
    "asset": 1678959226892,
    "meta": 1682042435194,
    "relativePath": "prefab\\button.prefab"
  },
  "2c937608-2562-40ea-b264-7395df6f0cea": {
    "asset": 1678959226893,
    "meta": 1682042435197,
    "relativePath": "prefab\\canvas.prefab"
  },
  "61aeb05b-3b32-452b-8eed-2b76deeed554": {
    "asset": 1678959226895,
    "meta": 1682042435199,
    "relativePath": "prefab\\editbox.prefab"
  },
  "27756ebb-3d33-44b0-9b96-e858fadd4dd4": {
    "asset": 1678959226896,
    "meta": 1682042435202,
    "relativePath": "prefab\\label.prefab"
  },
  "785a442c-3ceb-45be-a46e-7317f625f3b9": {
    "asset": 1678959226897,
    "meta": 1682042435204,
    "relativePath": "prefab\\layout.prefab"
  },
  "ca8401fe-ad6e-41a8-bd46-8e3e4e9945be": {
    "asset": 1678959226909,
    "meta": 1682042435207,
    "relativePath": "prefab\\pageview.prefab"
  },
  "cd33edea-55f5-46c2-958d-357a01384a36": {
    "asset": 1678959226911,
    "meta": 1682042435209,
    "relativePath": "prefab\\particlesystem.prefab"
  },
  "4a37dd57-78cd-4cec-aad4-f11a73d12b63": {
    "asset": 1678959226913,
    "meta": 1682042435211,
    "relativePath": "prefab\\richtext.prefab"
  },
  "5965ffac-69da-4b55-bcde-9225d0613c28": {
    "asset": 1678959226912,
    "meta": 1682042435213,
    "relativePath": "prefab\\progressBar.prefab"
  },
  "32044bd2-481f-4cf1-a656-e2b2fb1594eb": {
    "asset": 1678959226915,
    "meta": 1682042435216,
    "relativePath": "prefab\\scrollview.prefab"
  },
  "0004d1cf-a0ad-47d8-ab17-34d3db9d35a3": {
    "asset": 1678959226917,
    "meta": 1682042435220,
    "relativePath": "prefab\\slider.prefab"
  },
  "96083d03-c332-4a3f-9386-d03e2d19e8ee": {
    "asset": 1678959226918,
    "meta": 1682042435223,
    "relativePath": "prefab\\sprite.prefab"
  },
  "1f55e3be-b89b-4b79-88de-47fd31018044": {
    "asset": 1678959226927,
    "meta": 1682042435226,
    "relativePath": "prefab\\sprite_splash.prefab"
  },
  "7de03a80-4457-438d-95a7-3e7cdffd6086": {
    "asset": 1678959226929,
    "meta": 1682042435229,
    "relativePath": "prefab\\tiledmap.prefab"
  },
  "0e42ba95-1fa1-46aa-b2cf-143cd1bcee2c": {
    "asset": 1678959226930,
    "meta": 1682042435233,
    "relativePath": "prefab\\tiledtile.prefab"
  },
  "0d784963-d024-4ea6-a7db-03be0ad63010": {
    "asset": 1678959226932,
    "meta": 1682042435236,
    "relativePath": "prefab\\toggle.prefab"
  },
  "d8afc78c-4eac-4a9f-83dd-67bc70344d33": {
    "asset": 1678959226962,
    "meta": 1682042435237,
    "relativePath": "resources"
  },
  "d1b8be49-b0a0-435c-83b7-552bed4bbe35": {
    "asset": 1678959226935,
    "meta": 1682042435239,
    "relativePath": "prefab\\toggleGroup.prefab"
  },
  "294c1663-4adf-4a1e-a795-53808011a38a": {
    "asset": 1678959226961,
    "meta": 1682042435240,
    "relativePath": "resources\\effects"
  },
  "bf0a434c-84dd-4a8e-a08a-7a36f180cc75": {
    "asset": 1678959226933,
    "meta": 1682042435241,
    "relativePath": "prefab\\toggleContainer.prefab"
  },
  "bbee2217-c261-49bd-a8ce-708d6bcc3500": {
    "asset": 1678959226978,
    "meta": 1682042435242,
    "relativePath": "resources\\materials"
  },
  "30682f87-9f0d-4f17-8a44-72863791461b": {
    "asset": 1678959226942,
    "meta": 1682042435258,
    "relativePath": "resources\\effects\\builtin-2d-graphics.effect"
  },
  "144c3297-af63-49e8-b8ef-1cfa29b3be28": {
    "asset": 1678959226944,
    "meta": 1682042435272,
    "relativePath": "resources\\effects\\builtin-2d-gray-sprite.effect"
  },
  "f18742d7-56d2-4eb5-ae49-2d9d710b37c8": {
    "asset": 1678959226951,
    "meta": 1682042435284,
    "relativePath": "resources\\effects\\builtin-2d-label.effect"
  },
  "0e93aeaa-0b53-4e40-b8e0-6268b4e07bd7": {
    "asset": 1678959226952,
    "meta": 1682042435299,
    "relativePath": "resources\\effects\\builtin-2d-spine.effect"
  },
  "2874f8dd-416c-4440-81b7-555975426e93": {
    "asset": 1678959226954,
    "meta": 1682042435311,
    "relativePath": "resources\\effects\\builtin-2d-sprite.effect"
  },
  "232d2782-c4bd-4bb4-9e01-909f03d6d3b9": {
    "asset": 1678959226937,
    "meta": 1682042435312,
    "relativePath": "prefab\\videoplayer.prefab"
  },
  "829a282c-b049-4019-bd38-5ace8d8a6417": {
    "asset": 1678959226955,
    "meta": 1682042435382,
    "relativePath": "resources\\effects\\builtin-3d-particle.effect"
  },
  "8c5001fd-07ee-4a4b-a8a0-63e15195e94d": {
    "asset": 1678959226938,
    "meta": 1682042435384,
    "relativePath": "prefab\\webview.prefab"
  },
  "2a7c0036-e0b3-4fe1-8998-89a54b8a2bec": {
    "asset": 1678959226957,
    "meta": 1682042435406,
    "relativePath": "resources\\effects\\builtin-3d-trail.effect"
  },
  "8a96b965-2dc0-4e03-aa90-3b79cb93b5b4": {
    "asset": 1678959226877,
    "meta": 1682042435286,
    "relativePath": "obsolete\\atom.png"
  },
  "c0040c95-c57f-49cd-9cbc-12316b73d0d4": {
    "asset": 1678959226959,
    "meta": 1682042435415,
    "relativePath": "resources\\effects\\builtin-clear-stencil.effect"
  },
  "6d91e591-4ce0-465c-809f-610ec95019c6": {
    "asset": 1678959226960,
    "meta": 1682042435434,
    "relativePath": "resources\\effects\\builtin-unlit.effect"
  },
  "61906da3-7003-4bda-9abc-5769c76faee4": {
    "asset": 1678959226901,
    "meta": 1682042435440,
    "relativePath": "prefab\\light\\ambient.prefab"
  },
  "d0a82d39-bede-46c4-b698-c81ff0dedfff": {
    "asset": 1678959226881,
    "meta": 1682042435300,
    "relativePath": "particle\\atom.png"
  },
  "ddb99b39-7004-47cd-9705-751905c43c46": {
    "asset": 1678959226903,
    "meta": 1682042435443,
    "relativePath": "prefab\\light\\directional.prefab"
  },
  "0cf30284-9073-46bc-9eba-e62b69dbbff3": {
    "asset": 1678959226905,
    "meta": 1682042435446,
    "relativePath": "prefab\\light\\point.prefab"
  },
  "f5331fd2-bf42-4ee3-a3fd-3e1657600eff": {
    "asset": 1678959226907,
    "meta": 1682042435451,
    "relativePath": "prefab\\light\\spot.prefab"
  },
  "6f801092-0c37-4f30-89ef-c8d960825b36": {
    "asset": 1678959226963,
    "meta": 1682042435616,
    "relativePath": "resources\\materials\\builtin-2d-base.mtl"
  },
  "a153945d-2511-4c14-be7b-05d242f47d57": {
    "asset": 1678959226965,
    "meta": 1682042435618,
    "relativePath": "resources\\materials\\builtin-2d-graphics.mtl"
  },
  "7afd064b-113f-480e-b793-8817d19f63c3": {
    "asset": 1678959226970,
    "meta": 1682042435619,
    "relativePath": "resources\\materials\\builtin-2d-spine.mtl"
  },
  "3a7bb79f-32fd-422e-ada2-96f518fed422": {
    "asset": 1678959226966,
    "meta": 1682042435620,
    "relativePath": "resources\\materials\\builtin-2d-gray-sprite.mtl"
  },
  "e02d87d4-e599-4d16-8001-e14891ac6506": {
    "asset": 1678959226968,
    "meta": 1682042435621,
    "relativePath": "resources\\materials\\builtin-2d-label.mtl"
  },
  "eca5d2f2-8ef6-41c2-bbe6-f9c79d09c432": {
    "asset": 1678959226972,
    "meta": 1682042435623,
    "relativePath": "resources\\materials\\builtin-2d-sprite.mtl"
  },
  "432fa09c-cf03-4cff-a186-982604408a07": {
    "asset": 1678959226973,
    "meta": 1682042435624,
    "relativePath": "resources\\materials\\builtin-3d-particle.mtl"
  },
  "466d4f9b-e5f4-4ea8-85d5-3c6e9a65658a": {
    "asset": 1678959226974,
    "meta": 1682042435626,
    "relativePath": "resources\\materials\\builtin-3d-trail.mtl"
  },
  "cf7e0bb8-a81c-44a9-ad79-d28d43991032": {
    "asset": 1678959226976,
    "meta": 1682042435627,
    "relativePath": "resources\\materials\\builtin-clear-stencil.mtl"
  },
  "2a296057-247c-4a1c-bbeb-0548b6c98650": {
    "asset": 1678959226977,
    "meta": 1682042435628,
    "relativePath": "resources\\materials\\builtin-unlit.mtl"
  },
  "b2687ac4-099e-403c-a192-ff477686f4f5": {
    "asset": 1678959226880,
    "meta": 1682042435664,
    "relativePath": "particle\\atom.plist"
  },
  "b8223619-7e38-47c4-841f-9160c232495a": {
    "asset": 1678959226876,
    "meta": 1682042435665,
    "relativePath": "obsolete\\atom.plist"
  },
  "954fec8b-cd16-4bb9-a3b7-7719660e7558": {
    "asset": 1678959226873,
    "meta": 1682042437720,
    "relativePath": "model\\primitives.fbx"
  },
  "365b4500-8904-4103-b417-6b622e14c9a3": {
    "asset": 1682044714966,
    "meta": 1682044745509,
    "relativePath": "scripts\\Fruit.js"
  },
  "8208c2de-a13b-4ac4-8557-e9a4d3618c42": {
    "asset": 1682044849437,
    "meta": 1682044850340,
    "relativePath": "scripts\\Over.js"
  },
  "8e80d316-c87e-4b0f-b3a3-d74d0ae367fc": {
    "asset": 1682045174059,
    "meta": 1682045178389,
    "relativePath": "scripts\\Game.js"
  }
}