{
  "version": "1.1.1",
  "windows": {
    "main": {
      "main": true,
      "url": "app://editor/index.html",
      "windowType": "dockable",
      "x": 0,
      "y": 0,
      "width": 1920,
      "height": 1040,
      "layout": {
        "type": "dock-h",
        "children": [
          {
            "width": 459,
            "height": 919.5,
            "type": "dock-v",
            "children": [
              {
                "width": 459,
                "height": 315.828125,
                "type": "panel",
                "active": 0,
                "children": [
                  "hierarchy"
                ]
              },
              {
                "width": 459,
                "height": 600.65625,
                "type": "panel",
                "active": 0,
                "children": [
                  "assets"
                ]
              }
            ]
          },
          {
            "width": 980,
            "height": 919.5,
            "type": "dock-v",
            "children": [
              {
                "width": 980,
                "height": 462.25,
                "type": "panel",
                "active": 0,
                "children": [
                  "scene"
                ]
              },
              {
                "width": 980,
                "height": 454.25,
                "type": "panel",
                "active": 0,
                "children": [
                  "console",
                  "timeline",
                  "game-window"
                ]
              }
            ]
          },
          {
            "width": 459,
            "height": 919.5,
            "type": "panel",
            "active": 0,
            "children": [
              "inspector",
              "cocos-services"
            ]
          }
        ]
      },
      "panels": [
        "hierarchy",
        "assets",
        "scene",
        "console",
        "timeline",
        "game-window",
        "inspector",
        "cocos-services"
      ]
    },
    "window-1682046052408": {}
  },
  "panels": {
    "builder": {
      "x": 702,
      "y": 140,
      "width": 516,
      "height": 739
    },
    "project-settings": {
      "x": 672,
      "y": 240,
      "width": 600,
      "height": 565
    }
  },
  "panelLabelWidth": {}
}
